id,name,manufacturer,manufacturer_type,active_ingredient,cost,medicine_type,quantity
122898,Lactomide Tablet,S V Biovac Pharmaceuticals Pvt Ltd,Branded,"Furosemide (20mg), Spironolactone (50mg)",10.07,tablet,10
180594,Paradana 250mg Tablet,Dana Pharmaceuticals Pvt Ltd,Branded,Paracetamol (250mg),8.3,tablet,10
136060,METPRIDE 2 MG/500 MG TABLET,Alkem Laboratories Ltd,Branded,"Glimepiride (2mg), Metformin (500mg)",8.12,tablet,10
216843,Thyronex 25 Tablet,Zeelab Pharmacy Pvt Ltd,Branded,Thyroxine (25mcg),25.0,tablet,100
3561,Apcil Tablet,Juggat Pharma,Branded,"Amoxycillin  (500mg), Clavulanic Acid (125mg)",6.98,tablet,10
38315,Cyclo P 20mg/500mg Tablet,Laborate Pharmaceuticals India Ltd,Branded,"Dicyclomine (20mg), Paracetamol (500mg)",3.75,tablet,10
202703,Spasmover Tablet,Cachet Pharmaceuticals Pvt Ltd,Branded,"Dicyclomine (10mg), Mefenamic Acid (250mg)",5.0,tablet,10
174369,Pilzine M 5mg/10mg Tablet,Psychotropics India Ltd,Branded,"Levocetirizine (5mg), Montelukast (10mg)",7.7,tablet,10
46149,Cetariv A Syrup,East African (India) Overseas,Branded,"Cetirizine (5mg/5ml), Ambroxol (30mg/5ml)",39.0,syrup,100
